Category: All categories,Total

day,articleCount
2021-09-13,12
2021-09-14,46
2021-09-15,33
2021-09-16,33
2021-09-17,23
2021-09-18,31
2021-09-19,33
2021-09-20,40
2021-09-21,36
2021-09-22,26
2021-09-23,25
2021-09-24,31
2021-09-25,19
2021-09-26,31
2021-09-27,33
2021-09-28,64
2021-09-29,48
2021-09-30,45
2021-10-01,30
2021-10-02,37
2021-10-03,41
2021-10-04,42
2021-10-05,46
2021-10-06,42
2021-10-07,36
2021-10-08,35
2021-10-09,29
2021-10-10,51
2021-10-11,35
2021-10-12,29
2021-10-13,42
2021-10-14,38
2021-10-15,31
2021-10-16,31
2021-10-17,25
2021-10-18,48
2021-10-19,34
2021-10-20,29
2021-10-21,31
2021-10-22,31
2021-10-23,29
2021-10-24,34
2021-10-25,22
2021-10-26,27
2021-10-27,41
2021-10-28,36
2021-10-29,36
2021-10-30,14
2021-10-31,23
2021-11-01,30
2021-11-02,29
2021-11-03,32
2021-11-04,33
2021-11-05,27
2021-11-06,26
2021-11-07,20
2021-11-08,33
2021-11-09,36
2021-11-10,28
2021-11-11,23
2021-11-12,19
2021-11-13,16
2021-11-14,24
2021-11-15,31
2021-11-16,30
2021-11-17,32
2021-11-18,30
2021-11-19,25
2021-11-20,35
2021-11-21,27
2021-11-22,22
2021-11-23,25
2021-11-24,34
2021-11-25,24
2021-11-26,35
2021-11-27,32
2021-11-28,43
2021-11-29,31
2021-11-30,27
2021-12-01,33
2021-12-02,25
2021-12-03,25
2021-12-04,22
2021-12-05,20
2021-12-06,21
2021-12-07,35
2021-12-08,30
2021-12-09,32
2021-12-10,19
2021-12-11,28
2021-12-12,27
2021-12-13,30
2021-12-14,33
2021-12-15,39
2021-12-16,51
2021-12-17,44
2021-12-18,32
2021-12-19,45
2021-12-20,55
2021-12-21,44
2021-12-22,55
2021-12-23,60
2021-12-24,63
2021-12-25,42
2021-12-26,39
2021-12-27,63
2021-12-28,56
2021-12-29,57
2021-12-30,79
2021-12-31,67
2022-01-01,39
2022-01-02,59
2022-01-03,62
2022-01-04,69
2022-01-05,84
2022-01-06,51
2022-01-07,59
2022-01-08,41
2022-01-09,37
2022-01-10,47
2022-01-11,64
2022-01-12,69
2022-01-13,40
2022-01-14,42
2022-01-15,41
2022-01-16,36
2022-01-17,48
2022-01-18,57
2022-01-19,42
2022-01-20,39
2022-01-21,35
2022-01-22,21
2022-01-23,38
